Permission,travel & local,communication,libraries & demo,food & drink,weather,personalization,education,tools,health & fitness,news & magazines,entertainment,unknown,sports,maps & navigation,dating,music & audio,books & reference,shopping,finance,business,photography,video players & editors,productivity,lifestyle,comics,medical,games,auto & vehicles,social,All Categories
WRITE_SECURE_SETTINGS,-,2.702702703,-,-,-,-,-,2.702702703,-,-,4.444444444,-,-,-,-,-,-,-,-,-,-,-,-,-,-,-,-,-,-,0.914634146
INJECT_EVENTS,-,-,-,-,-,-,-,-,-,-,2.222222222,-,-,-,-,-,-,-,-,-,-,-,-,-,-,-,-,-,-,0.152439024
READ_CALENDAR,-,-,-,-,-,-,-,-,-,-,-,-,-,-,-,-,-,-,3.703703704,-,-,-,-,20,-,-,-,-,-,0.304878049
ACCESS_DRM,-,-,-,-,-,-,-,-,-,-,-,-,-,-,-,5.555555556,-,-,-,-,-,-,-,-,-,-,-,-,-,0.152439024
CHANGE_CONFIGURATION,-,-,-,-,-,22.22222222,-,-,-,-,2.222222222,-,-,-,-,-,-,-,7.407407407,-,-,-,-,-,-,-,2.551020408,-,-,2.134146341
WRITE_USER_DICTIONARY,-,-,-,-,-,-,-,1.801801802,-,-,-,-,-,-,-,-,-,-,-,-,-,-,-,-,-,-,-,-,-,0.304878049
GET_PACKAGE_SIZE,-,-,-,-,-,-,-,3.603603604,-,-,-,-,-,-,-,-,-,-,-,-,-,-,-,-,-,-,-,-,-,0.609756098
ACCESS_LOCATION_EXTRA_COMMANDS,-,5.405405405,-,-,60,25.92592593,-,9.90990991,-,-,6.666666667,-,-,-,-,27.77777778,4.255319149,-,11.11111111,-,10,10,-,-,-,-,17.34693878,-,-,10.97560976
ACCESS_COARSE_UPDATES,-,2.702702703,-,-,-,-,-,1.801801802,-,-,-,-,-,-,-,-,-,-,3.703703704,-,-,-,-,-,-,-,-,-,-,0.609756098
CLEAR_APP_CACHE,-,-,-,-,-,-,-,2.702702703,-,-,2.222222222,-,-,-,-,-,-,-,-,-,-,-,-,-,-,-,-,-,-,0.609756098
safe,-,-,-,-,-,-,-,-,-,-,-,-,-,-,-,-,-,-,-,-,-,-,7.142857143,-,-,-,-,-,-,0.152439024
BATTERY_STATS,-,-,-,-,-,-,-,1.801801802,-,-,-,-,-,-,-,5.555555556,-,-,-,-,-,-,-,-,-,-,-,-,-,0.457317073
ACCESS_LOCATTON_MOCK_LOCATION,-,-,-,-,-,-,-,0.900900901,-,-,2.222222222,-,-,-,-,-,-,-,-,-,-,-,-,-,-,-,-,-,-,0.304878049
AUTHENTICATE_ACCOUNTS,-,2.702702703,-,-,-,-,-,-,-,33.33333333,-,-,-,-,-,-,-,-,-,-,-,-,-,-,-,-,-,-,30,0.762195122
vending,-,-,-,-,-,-,-,-,-,-,-,-,-,-,-,-,-,-,-,-,10,-,-,-,-,-,0.510204082,-,-,0.304878049
RESTART_PACKAGES,-,2.702702703,-,-,-,-,20,13.51351351,-,-,6.666666667,-,-,-,50,22.22222222,10.63829787,33.33333333,3.703703704,-,-,10,21.42857143,-,-,-,6.632653061,-,-,7.469512195
SEND_DOWNLOAD_COMPLETED_INTENTS,-,-,-,-,-,-,-,-,-,-,-,-,-,-,-,5.555555556,-,-,-,-,-,-,-,-,-,-,-,-,-,0.152439024
CALL_PRIVILEGED,-,2.702702703,-,-,-,-,-,-,-,-,-,-,-,-,-,-,-,-,-,-,-,-,-,-,-,-,-,-,-,0.152439024
PERMISSION_NAME,-,-,-,-,-,-,-,0.900900901,-,-,-,-,-,-,-,-,-,-,-,-,-,-,-,-,-,-,-,-,-,0.152439024
DISABLE_KEYGUARD,11.11111111,13.51351351,-,-,-,-,-,6.306306306,-,-,-,2.941176471,-,-,-,11.11111111,8.510638298,-,-,-,10,-,-,-,-,-,-,-,20,3.506097561
DELETE_PACKAGES,-,-,-,-,-,-,-,2.702702703,-,-,6.666666667,-,-,-,-,-,6.382978723,-,-,-,-,-,-,-,-,-,6.12244898,-,-,3.201219512
RECORD_AUDIO,11.11111111,8.108108108,-,-,-,-,-,7.207207207,5.263157895,-,13.33333333,8.823529412,-,-,-,5.555555556,2.127659574,33.33333333,-,-,10,10,7.142857143,-,25,25,3.571428571,100,20,6.097560976
ACCESS_MOCK_LOCATION,11.11111111,-,-,-,-,-,-,-,5.263157895,33.33333333,2.222222222,-,-,25,-,-,-,-,14.81481481,-,-,-,-,-,-,-,-,-,-,1.37195122
VIBRATE,11.11111111,48.64864865,-,-,-,-,-,24.32432432,21.05263158,33.33333333,11.11111111,32.35294118,100,-,-,16.66666667,17.0212766,33.33333333,29.62962963,-,30,10,21.42857143,-,-,50,32.14285714,-,60,25.30487805
READ_SYNC_SETTINGS,-,5.405405405,-,-,-,-,-,5.405405405,-,33.33333333,-,-,-,-,-,-,-,-,-,-,-,-,-,-,-,-,-,-,30,1.829268293
ACCESS_GPS,11.11111111,-,-,-,-,-,-,7.207207207,10.52631579,-,11.11111111,-,-,-,50,11.11111111,2.127659574,-,-,-,-,-,-,-,-,-,7.653061224,-,-,5.335365854
ACCESS_CHECKIN_PROPERTIES,-,2.702702703,-,-,-,-,-,-,-,-,-,-,-,-,-,-,-,-,3.703703704,-,-,-,-,-,-,-,-,-,-,0.304878049
SET_ORIENTATION,-,-,-,-,-,-,-,-,-,-,-,-,-,-,-,-,-,-,-,-,-,-,-,-,-,-,1.020408163,-,-,0.304878049
FLASHLIGHT,-,-,-,-,-,-,-,4.504504505,5.263157895,-,-,2.941176471,-,-,-,-,-,33.33333333,3.703703704,-,10,-,14.28571429,-,-,-,-,-,-,1.829268293
GLOBAL_SEARCH,-,-,-,-,-,-,-,-,-,-,-,-,-,-,-,-,-,-,3.703703704,-,-,-,7.142857143,-,-,-,-,-,-,0.304878049
CHANGE_WIFI_STATE,22.22222222,13.51351351,-,-,60,70.37037037,20,24.32432432,5.263157895,-,20,-,-,-,-,38.88888889,27.65957447,-,14.81481481,-,20,-,21.42857143,20,-,25,26.53061224,-,30,23.32317073
BROADCAST_STICKY,-,-,-,-,-,-,-,0.900900901,-,-,-,2.941176471,-,-,-,-,-,-,-,-,-,-,-,-,-,25,0.510204082,-,-,0.609756098
ACCESS_WIFI_STATE,22.22222222,27.02702703,-,-,80,70.37037037,20,36.03603604,5.263157895,-,28.88888889,11.76470588,-,-,-,61.11111111,78.72340426,66.66666667,37.03703704,50,20,20,35.71428571,40,-,25,41.32653061,-,40,38.41463415
KILL_BACKGROUND_PROCESSES,-,-,-,-,-,-,-,8.108108108,-,-,-,-,-,-,-,-,-,-,-,-,-,-,7.142857143,-,-,-,-,-,-,1.524390244
BLUETOOTH_ADMIN,-,2.702702703,-,-,-,-,-,6.306306306,-,-,-,-,-,-,-,-,-,-,-,-,-,-,7.142857143,-,-,-,-,-,-,1.37195122
READ_SECURE_SETTINGS,-,-,-,-,-,-,-,2.702702703,-,-,-,-,-,-,-,-,-,-,-,-,-,-,-,-,-,-,-,-,-,0.457317073
CAMERA,-,2.702702703,-,-,-,-,-,6.306306306,21.05263158,-,-,8.823529412,-,-,50,-,-,66.66666667,22.22222222,50,40,10,7.142857143,-,-,-,-,100,30,5.335365854
LOCATION,-,-,-,-,-,-,-,-,-,-,-,-,-,-,-,5.555555556,-,-,3.703703704,-,-,-,-,-,-,-,-,-,-,0.304878049
SET_WALLPAPER,11.11111111,2.702702703,-,-,-,40.74074074,-,9.009009009,5.263157895,-,24.44444444,5.882352941,-,-,50,11.11111111,4.255319149,-,-,-,30,10,21.42857143,-,25,-,7.653061224,-,-,9.908536585
WAKE_LOCK,11.11111111,45.94594595,-,-,-,-,-,22.52252252,15.78947368,66.66666667,11.11111111,29.41176471,100,50,-,50,27.65957447,-,22.22222222,-,50,40,28.57142857,20,25,50,24.48979592,-,50,25
MANAGE_ACCOUNTS,11.11111111,5.405405405,-,-,-,-,-,1.801801802,-,33.33333333,-,-,-,-,-,-,-,-,-,-,-,10,-,20,-,-,-,-,40,1.829268293
WRITE_CALENDAR,-,-,-,-,-,-,-,1.801801802,-,-,-,-,-,-,-,5.555555556,-,-,3.703703704,-,-,-,-,20,-,-,-,-,-,0.762195122
SET_PREFERRED_APPLICATIONS,-,2.702702703,-,-,-,3.703703704,-,0.900900901,-,-,2.222222222,-,-,-,-,-,-,-,-,-,-,-,-,-,-,-,-,-,10,0.762195122
NFC,-,-,-,-,-,-,-,-,-,-,-,-,-,-,-,5.555555556,-,-,-,-,-,-,-,-,-,-,-,-,-,0.152439024
CALL_PHONE,33.33333333,18.91891892,-,-,-,-,-,16.21621622,5.263157895,-,15.55555556,5.882352941,-,-,50,11.11111111,19.14893617,-,25.92592593,-,10,-,14.28571429,-,-,25,11.73469388,-,10,12.95731707
INTERNET,100,86.48648649,50,100,100,77.77777778,80,90.99099099,94.73684211,100,97.77777778,94.11764706,100,100,100,100,97.87234043,100,96.2962963,100,100,70,78.57142857,100,75,75,95.91836735,100,100,93.1402439
READ_SMS,22.22222222,32.43243243,-,-,60,33.33333333,-,46.84684685,5.263157895,-,24.44444444,-,-,-,50,22.22222222,42.55319149,-,7.407407407,-,20,30,14.28571429,-,-,-,30.10204082,-,10,28.04878049
DELETE_EXTERNAL_STORAGE,-,-,-,-,-,-,-,-,-,-,-,-,-,-,-,-,-,-,3.703703704,-,-,-,-,-,-,-,-,-,-,0.152439024
FULLSCREEN,-,-,-,-,-,-,-,-,-,-,-,-,-,-,-,-,-,-,-,-,-,-,-,-,-,-,0.510204082,-,-,0.152439024
ACCESS_COURSE_LOCATION,-,-,-,-,-,-,-,-,-,-,-,-,-,-,-,-,-,-,-,-,-,-,-,-,-,-,0.510204082,-,-,0.152439024
BROADCAST_PACKAGE_REMOVED,-,-,-,-,-,-,-,-,-,-,-,-,-,-,-,5.555555556,-,-,-,-,-,-,-,-,-,-,-,-,-,0.152439024
REORDER_TASKS,-,-,-,-,-,-,-,1.801801802,-,-,-,2.941176471,-,-,-,-,-,-,-,-,-,-,-,-,-,-,-,-,-,0.457317073
MODIFY_AUDIO_SETTINGS,-,8.108108108,-,-,-,-,-,1.801801802,-,-,4.444444444,8.823529412,-,-,-,-,-,-,-,-,10,-,-,-,-,25,0.510204082,-,20,2.286585366
READ_PHONE_STATE,66.66666667,64.86486486,-,100,80,74.07407407,20,83.78378378,36.84210526,66.66666667,88.88888889,52.94117647,100,75,100,100,87.23404255,66.66666667,48.14814815,100,100,40,42.85714286,60,-,25,75,100,50,72.40853659
ACCESS_LOCATION,11.11111111,-,-,-,-,-,-,6.306306306,10.52631579,-,11.11111111,-,-,-,50,11.11111111,2.127659574,-,-,-,-,-,-,-,-,-,7.653061224,-,-,5.182926829
WRITE_SETTINGS,-,5.405405405,-,-,-,3.703703704,-,11.71171171,5.263157895,-,4.444444444,11.76470588,-,-,-,27.77777778,2.127659574,-,-,-,20,10,7.142857143,-,-,-,-,-,-,5.030487805
BIND_WALLPAPER,-,-,-,-,-,-,-,-,-,-,-,-,-,-,-,-,-,-,-,-,10,-,-,-,-,-,-,-,-,0.152439024
DUMP,-,-,-,-,-,-,-,-,-,-,2.222222222,-,-,-,-,-,-,-,-,-,-,-,-,-,-,-,-,-,-,0.152439024
USE_CREDENTIALS,11.11111111,5.405405405,-,-,-,-,-,-,-,33.33333333,-,5.882352941,-,-,-,5.555555556,-,-,-,-,-,10,-,20,-,-,-,-,10,1.524390244
HARDWARE_TEST,-,-,-,-,-,-,-,2.702702703,-,-,-,-,-,-,-,-,-,-,-,-,-,-,7.142857143,-,-,-,-,-,-,0.609756098
SEND_SMS,22.22222222,29.72972973,-,-,-,-,-,15.31531532,5.263157895,-,20,2.941176471,-,-,50,33.33333333,17.0212766,-,3.703703704,50,20,60,21.42857143,-,-,-,15.30612245,-,10,15.24390244
WRITE_OWNER_DATA,-,-,-,-,-,-,-,0.900900901,-,-,4.444444444,-,-,-,-,5.555555556,-,-,-,-,-,10,-,-,-,-,-,-,-,0.762195122
ACCESS_COARSE_LOCATION,55.55555556,18.91891892,50,100,100,66.66666667,-,34.23423423,31.57894737,-,35.55555556,20.58823529,-,75,100,38.88888889,31.91489362,33.33333333,48.14814815,-,30,10,21.42857143,40,25,-,43.36734694,-,10,36.73780488
SYSTEM_ALERT_WINDOW,-,-,-,-,-,-,-,2.702702703,-,-,-,2.941176471,-,-,-,5.555555556,-,-,-,-,10,-,7.142857143,-,-,-,-,100,-,1.219512195
CHANGE_WIFI_MULTICAST_STATE,-,-,-,-,-,-,-,-,-,-,-,-,-,-,-,5.555555556,-,-,-,-,-,-,-,-,-,-,-,-,-,0.152439024
RECEIVE_BOOT_COMPLETED,11.11111111,29.72972973,-,-,40,44.44444444,-,45.04504505,-,-,31.11111111,2.941176471,-,25,-,38.88888889,19.14893617,33.33333333,7.407407407,50,20,40,21.42857143,-,25,-,28.06122449,-,60,27.89634146
WRITE_APN_SETTINGS,-,-,-,-,-,3.703703704,-,6.306306306,-,-,4.444444444,-,-,-,-,22.22222222,10.63829787,-,-,-,20,10,14.28571429,-,-,-,1.530612245,-,-,4.115853659
WRITE_CONTACTS,22.22222222,10.81081081,-,-,-,3.703703704,-,18.01801802,5.263157895,33.33333333,11.11111111,14.70588235,-,-,50,16.66666667,17.0212766,-,3.703703704,-,-,-,7.142857143,-,-,25,7.653061224,-,30,10.97560976
PROCESS_OUTGOING_CALLS,-,5.405405405,-,-,-,-,-,2.702702703,-,-,4.444444444,2.941176471,-,-,-,-,4.255319149,-,-,-,-,-,-,-,-,-,6.12244898,-,20,3.658536585
ACCESS_CACHE_FILESYSTEM,-,-,-,-,-,-,-,-,-,-,4.444444444,-,-,-,-,5.555555556,-,-,-,-,-,-,-,-,-,-,-,-,-,0.457317073
MODIFY_PHONE_STATE,-,2.702702703,-,-,-,3.703703704,-,2.702702703,-,-,4.444444444,5.882352941,-,-,-,11.11111111,-,-,-,-,10,10,-,-,-,-,1.020408163,-,-,2.286585366
BOOT_COMPLETED,-,-,-,-,-,-,-,-,-,-,4.444444444,-,-,-,-,-,-,-,-,-,-,-,-,-,-,-,-,-,-,0.304878049
RECEIVE_MMS,-,10.81081081,-,-,-,-,-,0.900900901,-,-,-,-,-,-,-,-,-,-,-,50,10,-,-,-,-,-,-,-,10,1.219512195
GET_TASKS,11.11111111,8.108108108,-,-,60,59.25925926,-,13.51351351,-,-,13.33333333,8.823529412,-,-,-,16.66666667,4.255319149,33.33333333,14.81481481,-,20,-,14.28571429,-,-,-,11.2244898,-,-,12.65243902
ACCESS_DOWNLOAD_MANAGER,-,2.702702703,-,-,-,-,-,0.900900901,-,-,-,-,-,-,-,5.555555556,-,-,-,-,-,-,-,-,-,-,-,-,-,0.457317073
ACCESS_DOWNLOAD_MANAGER_ADVANCED,-,-,-,-,-,-,-,0.900900901,-,-,-,-,-,-,-,5.555555556,-,-,-,-,-,-,-,-,-,-,-,-,-,0.304878049
READ_SYNC_STATS,-,2.702702703,-,-,-,-,-,-,-,-,-,-,-,-,-,-,-,-,-,-,-,-,-,-,-,-,-,-,10,0.304878049
RECEIVE_WAP_PUSH,-,-,-,-,-,-,-,-,-,-,-,-,-,-,-,5.555555556,-,-,-,-,-,-,-,-,-,-,-,-,-,0.152439024
CHANGE_WIMAX_STATE,-,-,-,-,-,-,-,2.702702703,-,-,-,-,-,-,-,-,-,-,-,-,-,-,-,-,-,-,-,-,-,0.457317073
CONTROL_LOCATION_UPDATES,-,-,-,-,-,-,-,-,-,-,2.222222222,-,-,-,-,-,-,-,3.703703704,-,-,-,-,-,-,-,-,-,-,0.304878049
MOUNT_UNMOUNT_FILESYSTEMS,11.11111111,-,-,-,-,-,-,9.009009009,5.263157895,-,15.55555556,-,-,-,50,16.66666667,2.127659574,-,-,-,-,30,14.28571429,-,-,-,9.183673469,-,-,7.164634146
SUBSCRIBED_FEEDS_WRITE,-,-,-,-,-,-,-,0.900900901,-,-,-,-,-,-,-,-,-,-,-,-,-,-,-,-,-,-,-,-,-,0.152439024
INSTALL_DRM,-,-,-,-,-,-,-,-,-,-,-,-,-,-,-,5.555555556,-,-,-,-,-,-,-,-,-,-,-,-,-,0.152439024
ACCESS_WIMAX_STATE,-,-,-,-,-,-,-,2.702702703,-,-,-,-,-,-,-,-,-,-,-,-,-,-,-,-,-,-,-,-,-,0.457317073
ACCESS_FINE_LOCATION,55.55555556,13.51351351,50,100,100,59.25925926,-,28.82882883,26.31578947,66.66666667,40,14.70588235,-,75,100,55.55555556,38.29787234,33.33333333,37.03703704,-,30,10,14.28571429,-,-,25,32.14285714,100,40,32.62195122
ACCESS_NETWORK_STATE,55.55555556,62.16216216,-,-,100,77.77777778,60,63.96396396,63.15789474,66.66666667,57.77777778,85.29411765,-,50,100,83.33333333,68.08510638,100,70.37037037,50,50,60,57.14285714,60,25,50,68.87755102,-,90,67.07317073
READ_EXTERNAL_STORAGE,-,5.405405405,-,-,60,25.92592593,-,8.108108108,-,-,6.666666667,-,-,-,-,16.66666667,4.255319149,-,3.703703704,-,20,-,-,-,-,-,17.34693878,-,-,10.06097561
STATUS_BAR,-,-,-,-,-,-,-,-,-,-,-,-,-,-,-,-,-,-,3.703703704,-,-,-,-,-,-,-,-,-,-,0.152439024
READ_LOGS,-,13.51351351,-,-,-,-,20,9.90990991,5.263157895,-,8.888888889,8.823529412,-,-,-,11.11111111,25.53191489,33.33333333,-,-,10,-,-,-,-,-,1.530612245,-,20,7.012195122
INSTALL_PACKAGES,22.22222222,13.51351351,-,-,60,37.03703704,20,12.61261261,-,-,17.77777778,-,-,-,-,22.22222222,21.27659574,-,7.407407407,50,40,-,7.142857143,20,-,-,19.3877551,-,-,15.85365854
READ_FRAME_BUFFER,-,-,-,-,-,-,-,-,-,-,-,-,-,-,-,-,-,-,3.703703704,-,-,-,-,-,-,-,-,-,-,0.152439024
ADD_ACCOUNTS,-,2.702702703,-,-,-,-,-,-,-,-,-,-,-,-,-,-,-,-,-,-,-,-,-,-,-,-,-,-,-,0.152439024
WRITE_SMS,11.11111111,24.32432432,-,-,60,33.33333333,-,25.22522523,-,-,8.888888889,-,-,-,50,22.22222222,36.17021277,-,11.11111111,-,10,30,7.142857143,-,-,-,21.42857143,-,10,19.3597561
DEVICE_POWER,-,-,-,-,-,-,-,1.801801802,-,-,-,-,-,-,-,5.555555556,-,-,-,-,-,-,7.142857143,-,-,-,-,-,-,0.609756098
READ_OWNER_DATA,-,-,-,-,-,-,-,0.900900901,-,-,4.444444444,-,-,-,-,-,-,-,-,-,-,10,-,-,-,-,-,-,-,0.609756098
PERSISTENT_ACTIVITY,-,-,-,-,-,-,-,1.801801802,-,-,-,-,-,-,-,-,-,-,-,-,-,-,-,-,-,-,-,-,-,0.304878049
CHANGE_NETWORK_STATE,-,2.702702703,-,-,-,-,-,6.306306306,5.263157895,-,-,2.941176471,-,-,-,11.11111111,-,-,-,-,-,10,7.142857143,-,-,-,0.510204082,-,30,2.743902439
WRITE_SYNC_SETTINGS,-,2.702702703,-,-,-,-,-,5.405405405,-,33.33333333,-,-,-,-,-,5.555555556,-,-,-,-,-,-,-,-,-,-,-,-,20,1.676829268
notepad,-,-,-,-,-,-,-,-,-,-,-,-,-,-,-,-,-,-,-,-,-,-,7.142857143,-,-,-,-,-,-,0.152439024
ACTION_CALL,-,-,-,-,-,-,-,-,-,-,-,-,-,-,-,-,-,-,3.703703704,-,-,-,-,-,-,-,-,-,-,0.152439024
GET_ACCOUNTS,11.11111111,16.21621622,-,-,-,-,-,26.12612613,-,33.33333333,6.666666667,20.58823529,-,-,-,11.11111111,-,33.33333333,-,-,-,10,7.142857143,20,-,-,1.020408163,-,60,9.298780488
RECEIVE_SMS,11.11111111,37.83783784,-,-,-,-,-,10.81081081,-,-,13.33333333,-,-,-,50,27.77777778,19.14893617,-,-,50,30,30,14.28571429,-,-,-,13.7755102,-,30,13.26219512
MOUNT_FORMAT_FILESYSTEMS,-,-,-,-,-,-,-,0.900900901,-,-,-,-,-,-,-,-,-,-,-,-,-,-,-,-,-,-,-,-,-,0.152439024
DELETE_CACHE_FILES,-,-,-,-,-,-,-,1.801801802,-,-,4.444444444,-,-,-,-,-,-,-,-,-,-,-,-,-,-,-,-,-,-,0.609756098
WRITE_EXTERNAL_STORAGE,55.55555556,56.75675676,50,100,80,77.77777778,60,56.75675676,63.15789474,66.66666667,71.11111111,61.76470588,-,25,100,88.88888889,76.59574468,100,37.03703704,100,100,60,71.42857143,60,75,50,55.6122449,100,100,62.5
REBOOT,-,-,-,-,-,-,-,0.900900901,-,-,-,-,-,-,-,-,-,-,-,-,-,-,-,-,-,-,-,-,-,0.152439024
BLUETOOTH,-,2.702702703,-,-,-,-,-,7.207207207,-,-,-,-,-,-,-,5.555555556,-,-,-,-,-,-,7.142857143,-,-,-,-,-,20,1.981707317
SET_WALLPAPER_HINTS,-,-,-,-,-,-,-,-,-,-,-,-,-,-,-,-,-,-,-,-,-,-,-,-,25,-,-,-,-,0.152439024
READ_CONTACTS,22.22222222,45.94594595,-,-,-,3.703703704,-,36.93693694,10.52631579,33.33333333,15.55555556,14.70588235,-,25,50,27.77777778,14.89361702,-,7.407407407,-,-,10,21.42857143,20,-,-,11.73469388,-,40,18.90243902
READ_USER_DICTIONARY,-,-,-,-,-,-,-,0.900900901,-,-,-,-,-,-,-,-,-,-,-,-,-,-,-,-,-,-,-,-,-,0.152439024
